id,title,description,availability,condition,price,link,image_link,brand,product_type
mhas-rollo-80,Rollo Térmico 80 mm x 60 mm – Caja 50,"El estándar para cajas POS. Papel térmico para impresoras POS de 80 mm. Imprime nítido sin tinta ni cinta. Ideal para supermercados, restaurantes y ferreterías. Caja de 50 rollos. Precio mayorista: L.1,610 por caja desde 5 cajas. Precio con ISV incluido. Entrega en San Pedro Sula y envíos a todo Honduras. Cotice por WhatsApp +504 3166-6059.",in stock,new,1840.00 HNL,https://www.mhasdehonduras.com/#productos,https://www.mhasdehonduras.com/img/meta/rollo-80.jpg?v=2,MHAS de Honduras,Rollos para punto de venta
mhas-rollo-57,Rollo Térmico 57 mm x 40 mm – Caja 50,"Para datáfonos y POS portátiles. Formato angosto para terminales POS portátiles, datáfonos y cajas registradoras compactas. Caja de 50 rollos. Precio con ISV incluido. Entrega en San Pedro Sula y envíos a todo Honduras. Cotice por WhatsApp +504 3166-6059.",in stock,new,700.00 HNL,https://www.mhasdehonduras.com/#productos,https://www.mhasdehonduras.com/img/meta/rollo-57.jpg?v=2,MHAS de Honduras,Rollos para punto de venta
mhas-quimico-2,Rollo Químico 2 Partes – Caja 50,"Original y copia sin carbón. Papel autocopiativo para impresoras de impacto. Un comprobante para el cliente y otro para su archivo. Caja de 50 rollos. Precio mayorista: L.1,495 por caja al comprar por volumen. Precio con ISV incluido. Entrega en San Pedro Sula y envíos a todo Honduras. Cotice por WhatsApp +504 3166-6059.",in stock,new,1610.00 HNL,https://www.mhasdehonduras.com/#productos,https://www.mhasdehonduras.com/img/meta/quimico-2.jpg?v=2,MHAS de Honduras,Rollos para punto de venta
mhas-quimico-3,Rollo Químico 3 Partes – Caja 50,"Original y dos copias. Papel autocopiativo con original y dos copias para control de caja, bodega y contabilidad. Caja de 50 rollos. Precio mayorista: L.1,610 por caja al comprar por volumen. Precio con ISV incluido. Entrega en San Pedro Sula y envíos a todo Honduras. Cotice por WhatsApp +504 3166-6059.",in stock,new,1750.00 HNL,https://www.mhasdehonduras.com/#productos,https://www.mhasdehonduras.com/img/meta/quimico-3.jpg?v=2,MHAS de Honduras,Rollos para punto de venta
mhas-forma-2,"Forma Continua 2 Partes – 1,500 juegos","Original y copia. Copia autocopiativa sin papel carbón para facturas, reportes y guías. Caja de 1,500 juegos. Precio con ISV incluido. Entrega en San Pedro Sula y envíos a todo Honduras. Cotice por WhatsApp +504 3166-6059.",in stock,new,1265.00 HNL,https://www.mhasdehonduras.com/#productos,https://www.mhasdehonduras.com/img/meta/forma-2.jpg?v=2,MHAS de Honduras,Formas continuas
mhas-forma-3,"Forma Continua 3 Partes – 1,000 juegos","Original y 2 copias. Una copia para el cliente, otra para archivo y otra para control interno. Caja de 1,000 juegos. Precio con ISV incluido. Entrega en San Pedro Sula y envíos a todo Honduras. Cotice por WhatsApp +504 3166-6059.",in stock,new,1380.00 HNL,https://www.mhasdehonduras.com/#productos,https://www.mhasdehonduras.com/img/meta/forma-3.jpg?v=2,MHAS de Honduras,Formas continuas
mhas-etq-2x1,"Etiqueta Térmica 2"" x 1""","Códigos de barra e inventario. Tamaño estándar para códigos de barra, inventario y control de activos. Térmica directa, no necesita ribbon. Rollo de 500 etiquetas. Precio con ISV incluido. Entrega en San Pedro Sula y envíos a todo Honduras. Cotice por WhatsApp +504 3166-6059.",in stock,new,184.00 HNL,https://www.mhasdehonduras.com/#productos,https://www.mhasdehonduras.com/img/meta/etq-2x1.jpg?v=2,MHAS de Honduras,Etiquetas
mhas-etq-4x6,"Etiqueta Térmica 4"" x 6""",Lista para guías de paquetería. Tamaño estándar para guías de envío y paquetería. Compatible con impresoras térmicas de escritorio. Rollo de 500 etiquetas. Precio mayorista: L.356.50 por rollo desde 10 rollos. Precio con ISV incluido. Entrega en San Pedro Sula y envíos a todo Honduras. Cotice por WhatsApp +504 3166-6059.,in stock,new,402.50 HNL,https://www.mhasdehonduras.com/#productos,https://www.mhasdehonduras.com/img/meta/etq-4x6.jpg?v=2,MHAS de Honduras,Etiquetas
mhas-etq-3x5,"Etiqueta Térmica 3"" x 5""","Rotulado de cajas y bodega. Formato grande para identificar cajas, bodega y despacho. Rollo de 500 etiquetas. Precio con ISV incluido. Entrega en San Pedro Sula y envíos a todo Honduras. Cotice por WhatsApp +504 3166-6059.",in stock,new,480.00 HNL,https://www.mhasdehonduras.com/#productos,https://www.mhasdehonduras.com/img/meta/etq-3x5.jpg?v=2,MHAS de Honduras,Etiquetas
mhas-etq-4x4,"Etiqueta Térmica 4"" x 4""","Identificación de producto y lotes. Formato cuadrado para identificar producto, lotes y cajas medianas. Rollo de 1,000 etiquetas. Precio con ISV incluido. Entrega en San Pedro Sula y envíos a todo Honduras. Cotice por WhatsApp +504 3166-6059.",in stock,new,590.00 HNL,https://www.mhasdehonduras.com/#productos,https://www.mhasdehonduras.com/img/meta/etq-4x4.jpg?v=2,MHAS de Honduras,Etiquetas
mhas-etq-precio,Etiqueta Térmica de Precio,Precios claros en anaquel. Para precios y códigos de barra en producto y anaquel. Rápida de aplicar y fácil de leer. Rollo de 500 etiquetas. Precio mayorista: L.155.25 por rollo al comprar por volumen. Precio con ISV incluido. Entrega en San Pedro Sula y envíos a todo Honduras. Cotice por WhatsApp +504 3166-6059.,in stock,new,171.35 HNL,https://www.mhasdehonduras.com/#productos,https://www.mhasdehonduras.com/img/meta/etq-precio.jpg?v=2,MHAS de Honduras,Etiquetas
mhas-etq-bopp,"Etiqueta 1"" x 4"" BOPP","Resiste humedad y roce. Polipropileno resistente a la humedad y al roce. Ideal para envases, químicos y productos de limpieza. Rollo de 2,500 etiquetas. Precio con ISV incluido. Entrega en San Pedro Sula y envíos a todo Honduras. Cotice por WhatsApp +504 3166-6059.",in stock,new,1035.00 HNL,https://www.mhasdehonduras.com/#productos,https://www.mhasdehonduras.com/img/meta/etq-bopp.jpg?v=2,MHAS de Honduras,Etiquetas
mhas-etq-2x2,"Etiqueta Personalizada 2"" x 2""","Su logo en cada empaque. Sticker con su logo para sellar bolsas, cajas y empaques. Dele a su producto una imagen profesional. Pedido de 10,000 etiquetas. Precio con ISV incluido. Entrega en San Pedro Sula y envíos a todo Honduras. Cotice por WhatsApp +504 3166-6059.",in stock,new,8000.00 HNL,https://www.mhasdehonduras.com/#productos,https://www.mhasdehonduras.com/img/meta/etq-2x2.jpg?v=2,MHAS de Honduras,Etiquetas
mhas-etq-impresa,Etiqueta Impresa Personalizada,"Diseñada a la medida de su marca. Con su logo y diseño, en el tamaño y los colores que su marca necesita. Precio desde, según diseño y cantidad. Precio con ISV incluido. Entrega en San Pedro Sula y envíos a todo Honduras. Cotice por WhatsApp +504 3166-6059.",in stock,new,1000.00 HNL,https://www.mhasdehonduras.com/#productos,https://www.mhasdehonduras.com/img/meta/etq-impresa.jpg?v=2,MHAS de Honduras,Etiquetas
mhas-ribbon-110,Ribbon 110 mm x 300 m,Impresión duradera en etiquetas. Cinta de transferencia térmica para impresoras de etiquetas de 110 mm. Precio con ISV incluido. Entrega en San Pedro Sula y envíos a todo Honduras. Cotice por WhatsApp +504 3166-6059.,in stock,new,500.00 HNL,https://www.mhasdehonduras.com/#productos,https://www.mhasdehonduras.com/img/meta/ribbon-110.jpg?v=2,MHAS de Honduras,Impresión de etiquetas
mhas-ribbon-76,Ribbon 76 mm x 360 m,"Más metros, mayor rendimiento. Cinta de transferencia térmica de 76 mm para impresoras de escritorio. Precio con ISV incluido. Entrega en San Pedro Sula y envíos a todo Honduras. Cotice por WhatsApp +504 3166-6059.",in stock,new,345.00 HNL,https://www.mhasdehonduras.com/#productos,https://www.mhasdehonduras.com/img/meta/ribbon-76.jpg?v=2,MHAS de Honduras,Impresión de etiquetas
mhas-clises,Clisés – Placas de impresión,"Se hace una vez y se reutiliza. Placa de impresión para etiquetas personalizadas. Se elabora una sola vez por diseño y se reutiliza en cada pedido. Precio desde, por diseño. Precio con ISV incluido. Entrega en San Pedro Sula y envíos a todo Honduras. Cotice por WhatsApp +504 3166-6059.",in stock,new,780.00 HNL,https://www.mhasdehonduras.com/#productos,https://www.mhasdehonduras.com/img/meta/clises.jpg?v=2,MHAS de Honduras,Impresión de etiquetas
mhas-stretch-negro,"Stretch Film Negro 18"" x 1200 pies","Protege del sol y el polvo. Película estirable negra que protege la mercadería del sol, el polvo y la humedad. Ideal para diferenciar pedidos. Precio con ISV incluido. Entrega en San Pedro Sula y envíos a todo Honduras. Cotice por WhatsApp +504 3166-6059.",in stock,new,260.00 HNL,https://www.mhasdehonduras.com/#productos,https://www.mhasdehonduras.com/img/meta/stretch-negro.jpg?v=2,MHAS de Honduras,Empaque y embalaje
mhas-stretch-1500,"Stretch Film 18"" x 1500 pies",Máximo rendimiento por rollo. Película estirable transparente de 18 micras para cargas pesadas y paletizado frecuente. Precio con ISV incluido. Entrega en San Pedro Sula y envíos a todo Honduras. Cotice por WhatsApp +504 3166-6059.,in stock,new,368.00 HNL,https://www.mhasdehonduras.com/#productos,https://www.mhasdehonduras.com/img/meta/stretch-1500.jpg?v=2,MHAS de Honduras,Empaque y embalaje
mhas-stretch-1200,"Stretch Film 18"" x 1200 pies","Rendimiento y resistencia. Película estirable transparente para paletizar, agrupar y asegurar la carga. Disponible en 15 y 18 micras. Precio desde: 15 micras L.260, 18 micras L.280. Precio con ISV incluido. Entrega en San Pedro Sula y envíos a todo Honduras. Cotice por WhatsApp +504 3166-6059.",in stock,new,260.00 HNL,https://www.mhasdehonduras.com/#productos,https://www.mhasdehonduras.com/img/meta/stretch-1200.jpg?v=2,MHAS de Honduras,Empaque y embalaje
mhas-stretch-1000,"Stretch Film 18"" x 1000 pies","Práctico y económico. Rollo liviano y fácil de manejar. Disponible en 15 y 18 micras. Precio desde: 15 micras L.185, 18 micras L.195. Precio con ISV incluido. Entrega en San Pedro Sula y envíos a todo Honduras. Cotice por WhatsApp +504 3166-6059.",in stock,new,185.00 HNL,https://www.mhasdehonduras.com/#productos,https://www.mhasdehonduras.com/img/meta/stretch-1000.jpg?v=2,MHAS de Honduras,Empaque y embalaje
mhas-cinta-2x100,"Cinta Adhesiva 2"" x 100 yd",Sellado firme de cajas. Cinta de embalaje transparente con buena adhesión en cartón. Precio con ISV incluido. Entrega en San Pedro Sula y envíos a todo Honduras. Cotice por WhatsApp +504 3166-6059.,in stock,new,32.00 HNL,https://www.mhasdehonduras.com/#productos,https://www.mhasdehonduras.com/img/meta/cinta-2x100.jpg?v=2,MHAS de Honduras,Empaque y embalaje
mhas-cinta-2x200,"Cinta Adhesiva 2"" x 200 yd","Doble rendimiento en despacho. Cinta de embalaje de mayor rendimiento, con menos cambios de rollo. Precio con ISV incluido. Entrega en San Pedro Sula y envíos a todo Honduras. Cotice por WhatsApp +504 3166-6059.",in stock,new,39.00 HNL,https://www.mhasdehonduras.com/#productos,https://www.mhasdehonduras.com/img/meta/cinta-2x200.jpg?v=2,MHAS de Honduras,Empaque y embalaje
mhas-cinta-3x100,"Cinta Adhesiva 3"" x 100 yd","Más ancho, más seguridad. Para cajas grandes y pesadas. Cubre más superficie y refuerza el cierre. Precio con ISV incluido. Entrega en San Pedro Sula y envíos a todo Honduras. Cotice por WhatsApp +504 3166-6059.",in stock,new,35.00 HNL,https://www.mhasdehonduras.com/#productos,https://www.mhasdehonduras.com/img/meta/cinta-3x100.jpg?v=2,MHAS de Honduras,Empaque y embalaje
mhas-cinta-cafe,"Cinta Adhesiva Café 2"" x 200 yd",Discreta en cajas de cartón. Se integra al cartón kraft y da una presentación más limpia. Precio con ISV incluido. Entrega en San Pedro Sula y envíos a todo Honduras. Cotice por WhatsApp +504 3166-6059.,in stock,new,44.00 HNL,https://www.mhasdehonduras.com/#productos,https://www.mhasdehonduras.com/img/meta/cinta-cafe.jpg?v=2,MHAS de Honduras,Empaque y embalaje
